Country,Population_2022,Population_2023,Growth_percent,Continent,Subregion,Country (groups)
India,1425423212,1438069596,0.89,Asia,Southern Asia,Other
China,1425179569,1422584933,-0.18,Asia,Eastern Asia,China
United States,341534046,343477335,0.57,Americas,Northern America,Other
Indonesia,278830529,281190067,0.85,Asia,South-eastern Asia,Other
Pakistan,243700667,247504495,1.56,Asia,Southern Asia,Other
Nigeria,223150896,227882945,2.12,Africa,Western Africa,Other
Brazil,210306415,211140729,0.4,Americas,South America,Other
Bangladesh,169384897,171466990,1.23,Asia,Southern Asia,Other
Russia,145579899,145440500,-0.1,Europe,Eastern Europe,Other
Mexico,128613117,129739759,0.88,Americas,Central America,Other
Ethiopia,125384287,128691692,2.64,Africa,Eastern Africa,Other
Japan,124997578,124370947,-0.5,Asia,Eastern Asia,Other
Philippines,113964338,114891199,0.81,Asia,South-eastern Asia,Other
Egypt,112618250,114535772,1.7,Africa,Northern Africa,Other
DR Congo,102396968,105789731,3.31,Africa,Middle Africa,Other
Vietnam,99680655,100352192,0.67,Asia,South-eastern Asia,Other
Iran,89524246,90608707,1.21,Asia,Southern Asia,Other
Turkey,87058473,87270501,0.24,Asia,Western Asia,Other
Germany,84086227,84548231,0.55,Europe,Western Europe,Other
Thailand,71735329,71702435,-0.05,Asia,South-eastern Asia,Other
United Kingdom,68179315,68682962,0.74,Europe,Northern Europe,Other
Tanzaniab,64711821,66617606,2.95,Africa,Eastern Africa,Other
France,66277409,66438822,0.24,Europe,Western Europe,Other
South Africa,62378410,63212384,1.34,Africa,Southern Africa,Other
Italy,59619115,59499453,-0.2,Europe,Southern Europe,Other
Kenya,54252461,55339003,2,Africa,Eastern Africa,Other
Myanmar,53756787,54133798,0.7,Asia,South-eastern Asia,Other
Colombia,51737944,52321152,1.13,Americas,South America,Other
South Korea,51782512,51748739,-0.07,Asia,Eastern Asia,Other
Sudan,49383346,50042791,1.34,Africa,Northern Africa,Other
Uganda,47312719,48656601,2.84,Africa,Eastern Africa,Other
Spaind,47828382,47911579,0.17,Europe,Southern Europe,Other
Algeria,45477389,46164219,1.51,Africa,Northern Africa,Other
Argentina,45407904,45538401,0.29,Americas,South America,Other
Iraq,44070551,45074049,2.28,Asia,Western Asia,Other
Afghanistan,40578842,41454761,2.16,Asia,Southern Asia,Other
Yemen,38222876,39390799,3.06,Asia,Western Asia,Other
Canada,38821259,39299105,1.23,Americas,Northern America,Other
Poland,38385739,38762844,0.98,Europe,Eastern Europe,Other
Ukrainee,41048766,37732836,-8.08,Europe,Eastern Europe,Other
Morocco,37329064,37712505,1.03,Africa,Northern Africa,Other
Angola,35635029,36749906,3.13,Africa,Middle Africa,Other
Uzbekistan,34938955,35652307,2.04,Asia,Central Asia,Other
Malaysia,34695493,35126298,1.24,Asia,South-eastern Asia,Other
Peru,33475438,33845617,1.11,Americas,South America,Other
Ghana,33149152,33787914,1.93,Africa,Western Africa,Other
Mozambique,32656246,33635160,3,Africa,Eastern Africa,Other
Saudi Arabia,32175352,32264292,0.28,Asia,Western Asia,Other
Madagascar,30437261,31195932,2.49,Africa,Eastern Africa,Other
Ivory Coast,30395002,31165654,2.54,Africa,Western Africa,Other
Nepal,29715436,29964614,0.84,Asia,Southern Asia,Other
Cameroon,27632771,28372687,2.68,Africa,Middle Africa,Other
Venezuela,28213017,28300854,0.31,Americas,South America,Other
Australiaf,26200984,26451124,0.95,Oceania,Australia and New Zealand,Other
North Korea,26329845,26418204,0.34,Asia,Eastern Asia,Other
Niger,25311973,26159867,3.35,Africa,Western Africa,Other
Mali,23072640,23769127,3.02,Africa,Western Africa,Other
Syria,22462173,23594623,5.04,Asia,Western Asia,Other
Taiwang,23420111,23317145,-0.44,Asia,Eastern Asia,Other
Burkina Faso,22509038,23025776,2.3,Africa,Western Africa,Other
Sri Lanka,22834965,22971617,0.6,Asia,Southern Asia,Other
Malawi,20568728,21104482,2.6,Africa,Eastern Africa,Other
Zambia,20152938,20723965,2.83,Africa,Eastern Africa,Other
Kazakhstan,20034609,20330104,1.47,Asia,Central Asia,Other
Chile,19553036,19658835,0.54,Americas,South America,Other
Chad,18455316,19319064,4.68,Africa,Middle Africa,Other
Romania,19166772,19118479,-0.25,Europe,Eastern Europe,Other
Somaliah,17801897,18358615,3.13,Africa,Eastern Africa,Other
Guatemala,17847877,18124838,1.55,Americas,Central America,Other
Senegal,17651103,18077573,2.42,Africa,Western Africa,Other
Netherlandsi,17904421,18092524,1.05,Europe,Western Europe,Other
Ecuador,17823897,17980083,0.88,Americas,South America,Other
Cambodia,17201724,17423880,1.29,Asia,South-eastern Asia,Other
Zimbabwe,16069056,16340822,1.69,Africa,Eastern Africa,Other
Guinea,14055137,14405465,2.49,Africa,Western Africa,Other
Benin,13759501,14111034,2.55,Africa,Western Africa,Other
Rwanda,13651030,13954471,2.22,Africa,Eastern Africa,Other
Burundi,13321097,13689450,2.77,Africa,Eastern Africa,Other
Bolivia,12077154,12244159,1.38,Americas,South America,Other
Tunisia,12119334,12200431,0.67,Africa,Northern Africa,Other
Belgium,11641820,11712893,0.61,Europe,Western Europe,Other
Haiti,11503606,11637398,1.16,Americas,Caribbean,Other
South Sudan,11021177,11483374,4.19,Africa,Eastern Africa,Other
Jordan,11256263,11439213,1.63,Asia,Western Asia,Other
Dominican Republic,11230734,11331265,0.9,Americas,Caribbean,Other
Cuba,11059820,11019931,-0.36,Americas,Caribbean,Other
Czechia,10673213,10809716,1.28,Europe,Eastern Europe,Other
Honduras,10463872,10644851,1.73,Americas,Central America,Other
United Arab Emirates,10242086,10642081,3.91,Asia,Western Asia,Other
Sweden,10487338,10551494,0.61,Europe,Northern Europe,Other
Portugalj,10417073,10430738,0.13,Europe,Southern Europe,Other
Tajikistan,10182222,10389799,2.04,Asia,Central Asia,Other
Papua New Guinea,10203169,10389635,1.83,Oceania,Melanesia,Other
Azerbaijan,10295304,10318207,0.22,Asia,Western Asia,Other
Greece,10412480,10242908,-1.63,Europe,Southern Europe,Other
Hungary,9964306,9686463,-2.79,Europe,Eastern Europe,Other
Togo,9089738,9304337,2.36,Africa,Western Africa,Other
Israel,9103151,9256314,1.68,Asia,Western Asia,Other
Austria,9064677,9130429,0.73,Europe,Western Europe,Other
Belarus,9173237,9115680,-0.63,Europe,Eastern Europe,Other
Switzerland,8792182,8870561,0.89,Europe,Western Europe,Other
Sierra Leone,8276807,8460512,2.22,Africa,Western Africa,Other
Laos,7559007,7664993,1.4,Asia,South-eastern Asia,Other
Hong Kong (China)k,7465915,7442734,-0.31,Asia,Eastern Asia,Other
Turkmenistan,7230193,7364438,1.86,Asia,Central Asia,Other
Libya,7223805,7305659,1.13,Africa,Northern Africa,Other
Kyrgyzstan,6955788,7073516,1.69,Asia,Central Asia,Other
Paraguay,6760464,6844146,1.24,Americas,South America,Other
Nicaragua,6730654,6823613,1.38,Americas,Central America,Other
Bulgaria,6825864,6795803,-0.44,Europe,Eastern Europe,Other
Serbial,6791213,6773201,-0.27,Europe,Southern Europe,Other
El Salvador,6280319,6309624,0.47,Americas,Central America,Other
Congo,6035104,6182885,2.45,Africa,Middle Africa,Other
Denmark,5902904,5948136,0.77,Europe,Northern Europe,Other
Singapore,5649885,5789090,2.46,Asia,South-eastern Asia,Other
Lebanon,5744489,5733493,-0.19,Asia,Western Asia,Other
Finlandm,5569299,5601185,0.57,Europe,Northern Europe,Other
Norwayn,5457801,5519167,1.12,Europe,Northern Europe,Other
Slovakia,5473197,5518055,0.82,Europe,Eastern Europe,Other
Liberia,5373294,5493031,2.23,Africa,Western Africa,Other
Palestineo,5305270,5409202,1.96,Asia,Western Asia,Other
Ireland,5110016,5196630,1.69,Europe,Northern Europe,Other
New Zealand,5131734,5172836,0.8,Oceania,Australia and New Zealand,Other
Central African Republic,5098039,5152421,1.07,Africa,Middle Africa,Other
Costa Rica,5081765,5105525,0.47,Americas,Central America,Other
Oman,4730226,5049269,6.74,Asia,Western Asia,Other
Mauritania,4875637,5022441,3.01,Africa,Western Africa,Other
Kuwait,4589511,4838782,5.43,Asia,Western Asia,Other
Panama,4400773,4458759,1.32,Americas,Central America,Other
Croatia,3907027,3896023,-0.28,Europe,Southern Europe,Other
Georgiap,3794784,3807492,0.33,Asia,Western Asia,Other
Eritrea,3409447,3470390,1.79,Africa,Eastern Africa,Other
Mongolia,3386015,3431932,1.36,Asia,Eastern Asia,Other
Uruguay,3390913,3388081,-0.08,Americas,South America,Other
Puerto Rico (United States),3240968,3242023,0.03,Americas,Caribbean,Other
Bosnia and Herzegovina,3204802,3185073,-0.62,Europe,Southern Europe,Other
Moldovaq,3039985,3067070,0.89,Europe,Eastern Europe,Other
Qatar,2892455,2979082,2.99,Asia,Western Asia,Other
Namibia,2889662,2963095,2.54,Africa,Southern Africa,Other
Armenia,2880874,2943393,2.17,Asia,Western Asia,Other
Lithuania,2816919,2854099,1.32,Europe,Northern Europe,Other
Jamaica,2839144,2839786,0.02,Americas,Caribbean,Other
Albania,2827608,2811655,-0.56,Europe,Southern Europe,Other
Gambia,2636470,2697845,2.33,Africa,Western Africa,Other
Gabon,2430747,2484789,2.22,Africa,Middle Africa,Other
Botswana,2439892,2480244,1.65,Africa,Southern Africa,Other
Lesotho,2286110,2311472,1.11,Africa,Southern Africa,Other
Guinea-Bissau,2105529,2153339,2.27,Africa,Western Africa,Other
Slovenia,2115228,2118396,0.15,Europe,Southern Europe,Other
Latvia,1881063,1882396,0.07,Europe,Northern Europe,Other
Equatorial Guinea,1803545,1847549,2.44,Africa,Middle Africa,Other
North Macedonia,1840233,1831802,-0.46,Europe,Southern Europe,Other
Kosovor,1717946,1700031,-1.04,Europe,Southern Europe,Other
Bahrain,1533459,1569666,2.36,Asia,Western Asia,Other
Trinidad and Tobago,1495921,1502932,0.47,Americas,Caribbean,Other
Timor-Leste,1369295,1384286,1.09,Asia,South-eastern Asia,Other
Estonia,1350091,1367196,1.27,Europe,Northern Europe,Other
Cypruss,1331370,1344976,1.02,Asia,Western Asia,Other
Mauritius,1276130,1273588,-0.2,Africa,Eastern Africa,Other
Eswatini,1218917,1230506,0.95,Africa,Southern Africa,Other
Djibouti,1137096,1152944,1.39,Africa,Eastern Africa,Other
Fiji,919422,924145,0.51,Oceania,Melanesia,Other
Réunion (France),871540,874883,0.38,Africa,Eastern Africa,Other
Comoros,834188,850387,1.94,Africa,Eastern Africa,Other
Guyana,821637,826353,0.57,Americas,South America,Other
Solomon Islands,781066,800005,2.42,Oceania,Melanesia,Other
Bhutan,780914,786385,0.7,Asia,Southern Asia,Other
Macao (China)t,704356,713912,1.36,Asia,Eastern Asia,Other
Luxembourg,653313,665098,1.8,Europe,Western Europe,Other
Montenegro,614648,633552,3.08,Europe,Southern Europe,Other
Suriname,623164,628886,0.92,Americas,South America,Other
Western Sahara (disputed),568739,579729,1.93,Africa,Northern Africa,Other
Malta,528192,532956,0.9,Europe,Southern Europe,Other
Maldives,524106,525994,0.36,Asia,Southern Asia,Other
Cape Verde,519741,522331,0.5,Africa,Western Africa,Other
Brunei,455370,458949,0.79,Asia,South-eastern Asia,Other
Belize,402733,411106,2.08,Americas,Central America,Other
Bahamas,397538,399440,0.48,Americas,Caribbean,Other
Iceland,380356,387558,1.89,Europe,Northern Europe,Other
Guadeloupe (France),384697,376517,-2.13,Americas,Caribbean,Other
Martinique (France),349459,346002,-0.99,Americas,Caribbean,Other
Vanuatu,313046,320409,2.35,Oceania,Melanesia,Other
Mayotte (France),305269,316015,3.52,Africa,Eastern Africa,Other
French Guiana (France),298306,303402,1.71,Americas,South America,Other
New Caledonia (France),287123,289870,0.96,Oceania,Melanesia,Other
Barbados,288318,282336,-2.07,Americas,Caribbean,Other
French Polynesia (France),280378,281118,0.26,Oceania,Polynesia,Other
São Tomé and Príncipe,226305,230871,2.02,Africa,Middle Africa,Other
Samoa,215261,216663,0.65,Oceania,Polynesia,Other
Curaçao (Netherlands),185345,185427,0.04,Americas,Caribbean,Other
Saint Lucia,178781,179285,0.28,Americas,Caribbean,Other
Guam (United States),165180,166506,0.8,Oceania,Micronesia,Other
Kiribati,130469,132530,1.58,Oceania,Micronesia,Other
Seychelles,125522,127951,1.94,Africa,Eastern Africa,Other
Grenada,116913,117081,0.14,Americas,Caribbean,Other
Micronesia,112114,112630,0.46,Oceania,Micronesia,Other
Tonga,105042,104597,-0.42,Oceania,Polynesia,Other
Aruba (Netherlands),107782,107939,0.15,Americas,Caribbean,Other
Jersey (United Kingdom),103490,103674,0.18,Europe,Northern Europe,Other
Saint Vincent and the Grenadines,102046,101323,-0.71,Americas,Caribbean,Other
Antigua and Barbuda,92840,93316,0.51,Americas,Caribbean,Other
U.S. Virgin Islands (United States),86507,85701,-0.93,Americas,Caribbean,Other
Isle of Man (United Kingdom),84132,84165,0.04,Europe,Northern Europe,Other
Andorra,79705,80856,1.44,Europe,Southern Europe,Other
Cayman Islands (United Kingdom),71591,73038,2.02,Americas,Caribbean,Other
Dominica,66826,66510,-0.47,Americas,Caribbean,Other
Bermuda (United Kingdom),64749,64698,-0.08,Americas,Northern America,Other
Guernsey (United Kingdom),63725,64017,0.46,Europe,Northern Europe,Other
Greenland (Denmark),54990,55922,1.69,Americas,Northern America,Other
Faroe Islands (Denmark),54011,54714,1.3,Europe,Northern Europe,Other
American Samoa (United States),48342,47521,-1.7,Oceania,Polynesia,Other
Saint Kitts and Nevis,46709,46758,0.1,Americas,Caribbean,Other
Turks and Caicos Islands (United Kingdom),45847,46198,0.77,Americas,Caribbean,Other
Northern Mariana Islands (United States),46078,45143,-2.03,Oceania,Micronesia,Other
Sint Maarten (Netherlands),42139,42749,1.45,Americas,Caribbean,Other
Liechtenstein,39317,39598,0.71,Europe,Western Europe,Other
British Virgin Islands (United Kingdom),38319,38985,1.74,Americas,Caribbean,Other
Monaco,38931,38956,0.06,Europe,Western Europe,Other
Gibraltar (United Kingdom),37609,38471,2.29,Europe,Southern Europe,Other
Marshall Islands,40077,38827,-3.12,Oceania,Micronesia,Other
San Marino,34090,33733,-1.05,Europe,Southern Europe,Other
Caribbean Netherlands (Netherlands)u,28627,29898,4.44,Americas,Caribbean,Other
Saint Martin (France),28870,27515,-4.69,Americas,Caribbean,Other
Palau,17759,17727,-0.18,Oceania,Micronesia,Other
Anguilla (United Kingdom),14180,14410,1.62,Americas,Caribbean,Other
Cook Islands,14723,14222,-3.4,Oceania,Polynesia,Other
Nauru,11801,11875,0.63,Oceania,Micronesia,Other
Wallis and Futuna (France),11478,11370,-0.94,Oceania,Polynesia,Other
Saint Barthélemy (France),10920,11085,1.51,Americas,Caribbean,Other
Tuvalu,9992,9816,-1.76,Oceania,Polynesia,Other
Saint Pierre and Miquelon (France),5732,5681,-0.89,Americas,Northern America,Other
Saint Helena (United Kingdom)v,5343,5289,-1.01,Africa,Western Africa,Other
Montserrat (United Kingdom),4453,4420,-0.74,Americas,Caribbean,Other
Falkland Islands (United Kingdom),3490,3477,-0.37,Americas,South America,Other
Tokelau (New Zealand),2290,2397,4.67,Oceania,Polynesia,Other
Niue,1821,1817,-0.22,Oceania,Polynesia,Other
Vatican Cityw,505,496,-1.78,Europe,Southern Europe,Other
